patient_id,scenario,ground_truth_reliable,ground_truth_alert
R3-001,stable_normal,True,False
R3-002,stable_normal,True,False
R3-003,stable_normal,True,False
R3-004,stable_normal,True,False
R3-005,stable_normal,True,False
R3-006,stable_normal,True,False
R3-007,stable_normal,True,False
R3-008,stable_normal,True,False
R3-009,stable_normal,True,False
R3-010,stable_normal,True,False
R3-011,stable_normal,True,False
R3-012,stable_normal,True,False
R3-013,stable_normal,True,False
R3-014,stable_normal,True,False
R3-015,stable_normal,True,False
R3-016,stable_normal,True,False
R3-017,stable_normal,True,False
R3-018,stable_normal,True,False
R3-019,stable_normal,True,False
R3-020,stable_normal,True,False
R3-021,stable_normal,True,False
R3-022,stable_normal,True,False
R3-023,stable_normal,True,False
R3-024,stable_normal,True,False
R3-025,stable_normal,True,False
R3-026,stable_normal,True,False
R3-027,stable_normal,True,False
R3-028,stable_normal,True,False
R3-029,stable_normal,True,False
R3-030,stable_normal,True,False
R3-031,stable_normal,True,False
R3-032,stable_normal,True,False
R3-033,stable_normal,True,False
R3-034,stable_normal,True,False
R3-035,stable_normal,True,False
R3-036,stable_normal,True,False
R3-037,stable_normal,True,False
R3-038,stable_normal,True,False
R3-039,stable_normal,True,False
R3-040,stable_normal,True,False
R3-041,concerning_trend,True,True
R3-042,concerning_trend,True,True
R3-043,concerning_trend,True,True
R3-044,concerning_trend,True,True
R3-045,concerning_trend,True,True
R3-046,concerning_trend,True,True
R3-047,concerning_trend,True,True
R3-048,concerning_trend,True,True
R3-049,concerning_trend,True,True
R3-050,concerning_trend,True,True
R3-051,concerning_trend,True,True
R3-052,concerning_trend,True,True
R3-053,concerning_trend,True,True
R3-054,concerning_trend,True,True
R3-055,concerning_trend,True,True
R3-056,concerning_trend,True,True
R3-057,concerning_trend,True,True
R3-058,concerning_trend,True,True
R3-059,concerning_trend,True,True
R3-060,concerning_trend,True,True
R3-061,concerning_trend,True,True
R3-062,concerning_trend,True,True
R3-063,concerning_trend,True,True
R3-064,concerning_trend,True,True
R3-065,concerning_trend,True,True
R3-066,concerning_trend,True,True
R3-067,concerning_trend,True,True
R3-068,concerning_trend,True,True
R3-069,concerning_trend,True,True
R3-070,concerning_trend,True,True
R3-071,concerning_trend,True,True
R3-072,concerning_trend,True,True
R3-073,concerning_trend,True,True
R3-074,concerning_trend,True,True
R3-075,concerning_trend,True,True
R3-076,multi_week_outage,False,False
R3-077,multi_week_outage,False,False
R3-078,multi_week_outage,False,False
R3-079,multi_week_outage,False,False
R3-080,multi_week_outage,False,False
R3-081,multi_week_outage,False,False
R3-082,multi_week_outage,False,False
R3-083,multi_week_outage,False,False
R3-084,multi_week_outage,False,False
R3-085,multi_week_outage,False,False
R3-086,multi_week_outage,False,False
R3-087,multi_week_outage,False,False
R3-088,multi_week_outage,False,False
R3-089,multi_week_outage,False,False
R3-090,multi_week_outage,False,False
R3-091,multi_week_outage,False,False
R3-092,multi_week_outage,False,False
R3-093,multi_week_outage,False,False
R3-094,multi_week_outage,False,False
R3-095,multi_week_outage,False,False
R3-096,multi_week_outage,False,False
R3-097,multi_week_outage,False,False
R3-098,multi_week_outage,False,False
R3-099,multi_week_outage,False,False
R3-100,multi_week_outage,False,False
R3-101,manual_device_conflict,False,False
R3-102,manual_device_conflict,False,False
R3-103,manual_device_conflict,False,False
R3-104,manual_device_conflict,False,False
R3-105,manual_device_conflict,False,False
R3-106,manual_device_conflict,False,False
R3-107,manual_device_conflict,False,False
R3-108,manual_device_conflict,False,False
R3-109,manual_device_conflict,False,False
R3-110,manual_device_conflict,False,False
R3-111,manual_device_conflict,False,False
R3-112,manual_device_conflict,False,False
R3-113,manual_device_conflict,False,False
R3-114,manual_device_conflict,False,False
R3-115,manual_device_conflict,False,False
R3-116,manual_device_conflict,False,False
R3-117,manual_device_conflict,False,False
R3-118,manual_device_conflict,False,False
R3-119,manual_device_conflict,False,False
R3-120,manual_device_conflict,False,False
R3-121,sensor_malfunction,False,False
R3-122,sensor_malfunction,False,False
R3-123,sensor_malfunction,False,False
R3-124,sensor_malfunction,False,False
R3-125,sensor_malfunction,False,False
R3-126,sensor_malfunction,False,False
R3-127,sensor_malfunction,False,False
R3-128,sensor_malfunction,False,False
R3-129,sensor_malfunction,False,False
R3-130,sensor_malfunction,False,False
R3-131,sensor_malfunction,False,False
R3-132,sensor_malfunction,False,False
R3-133,sensor_malfunction,False,False
R3-134,sensor_malfunction,False,False
R3-135,sensor_malfunction,False,False
R3-136,sensor_malfunction,False,False
R3-137,sensor_malfunction,False,False
R3-138,sensor_malfunction,False,False
R3-139,sensor_malfunction,False,False
R3-140,sensor_malfunction,False,False
R3-141,irregular_timing,False,False
R3-142,irregular_timing,False,False
R3-143,irregular_timing,False,False
R3-144,irregular_timing,False,False
R3-145,irregular_timing,False,False
R3-146,irregular_timing,False,False
R3-147,irregular_timing,False,False
R3-148,irregular_timing,False,False
R3-149,irregular_timing,False,False
R3-150,irregular_timing,False,False
R3-151,irregular_timing,False,False
R3-152,irregular_timing,False,False
R3-153,irregular_timing,False,False
R3-154,irregular_timing,False,False
R3-155,irregular_timing,False,False
R3-156,irregular_timing,False,False
R3-157,irregular_timing,False,False
R3-158,irregular_timing,False,False
R3-159,irregular_timing,False,False
R3-160,irregular_timing,False,False
R3-161,poor_quality_noisy,False,False
R3-162,poor_quality_noisy,False,False
R3-163,poor_quality_noisy,False,False
R3-164,poor_quality_noisy,False,False
R3-165,poor_quality_noisy,False,False
R3-166,poor_quality_noisy,False,False
R3-167,poor_quality_noisy,False,False
R3-168,poor_quality_noisy,False,False
R3-169,poor_quality_noisy,False,False
R3-170,poor_quality_noisy,False,False
R3-171,poor_quality_noisy,False,False
R3-172,poor_quality_noisy,False,False
R3-173,poor_quality_noisy,False,False
R3-174,poor_quality_noisy,False,False
R3-175,poor_quality_noisy,False,False
R3-176,insufficient_data,False,False
R3-177,insufficient_data,False,False
R3-178,insufficient_data,False,False
R3-179,insufficient_data,False,False
R3-180,insufficient_data,False,False
R3-181,insufficient_data,False,False
R3-182,insufficient_data,False,False
R3-183,insufficient_data,False,False
R3-184,insufficient_data,False,False
R3-185,insufficient_data,False,False
R3-186,insufficient_data,False,False
R3-187,insufficient_data,False,False
R3-188,insufficient_data,False,False
R3-189,insufficient_data,False,False
R3-190,insufficient_data,False,False
R3-191,stale_data,False,False
R3-192,stale_data,False,False
R3-193,stale_data,False,False
R3-194,stale_data,False,False
R3-195,stale_data,False,False
R3-196,stale_data,False,False
R3-197,stale_data,False,False
R3-198,stale_data,False,False
R3-199,stale_data,False,False
R3-200,stale_data,False,False
